abk|Abkhaz
ace|Achinese
ach|Acoli
ada|Adangme
aar|Afar
afh|Afrihili (Artificial language)
afr|Afrikaans
afa|Afroasiatic, Mada (Cameroon), Tupuri (Other)
aka|Akan
akk|Akkadian
alb|Albanian
ale|Aleut
alg|Algonquian (Other)
tut|Altaic (Other)
amh|Amharic
apa|Apache languages
ara|Arabic
arc|Aramaic
arp|Arapaho
arw|Arawak
arm|Armenian
art|Artificial (Other)
asm|Assamese
ath|Athapascan (Other)
aus|Australian languages, Kitja
map|Austronesian (Other)
ava|Avaric
ave|Avestan
awa|Awadhi
aym|Aymara
aze|Azerbaijani
ban|Balinese
bat|Baltic (Other)
bal|Baluchi
bam|Bambara
bai|Bamileke languages
bad|Banda
bnt|Bantu (Other)
bas|Basa
bak|Bashkir
baq|Basque
btk|Batak
bej|Beja
bel|Belarusian
bem|Bemba
ben|Bengali
ber|Berber (Other)
bho|Bhojpuri
bih|Bihari
bik|Bikol
bin|Bini
bis|Bislama
bos|Bosnian
bra|Braj
bre|Breton
bug|Bugis
bul|Bulgarian
bua|Buriat
bur|Burmese
cad|Caddo
rom|Cal¢ (Romani)
car|Carib
cat|Catalan
cau|Caucasian, Dido (Other)
ceb|Cebuano
cel|Celtic (Other)
cai|Central American Indian, Amuzgo (Other)
chg|Chagatai
cmc|Chamic languages
cha|Chamorro
che|Chechen
chr|Cherokee
chy|Cheyenne
chb|Chibcha
chi|Chinese
chn|Chinook jargon
chp|Chipewyan
cho|Choctaw
chu|Church Slavic
chv|Chuvash
cop|Coptic
cor|Cornish
cos|Corsican
cre|Cree
mus|Creek
crp|Creoles and Pidgins (Other)
cpe|Creoles and Pidgins, English-based (Other)
cpf|Creoles and Pidgins, Micif,French-based (Other)
cpp|Creoles and Pidgins, Portuguese-based (Other)
scr|Croatian
cus|Cushitic (Other)
cze|Czech
dak|Dakota
dan|Danish
day|Dayak
del|Delaware
din|Dinka
div|Divehi
doi|Dogri
dgr|Dogrib
dra|Dravidian (Other)
dua|Duala
dut|Dutch
dum|Dutch, Middle (ca. 1050-1350)
dyu|Dyula
dzo|Dzongkha
efi|Efik
egy|Egyptian
eka|Ekajuk
elx|Elamite
eng|English
enm|English, Middle (1100-1500)
ang|English, Old (ca. 450-1100)
epo|Esperanto
est|Estonian
gez|Ethiopic
ewe|Ewe
ewo|Ewondo
fan|Fang
fat|Fanti
fao|Faroese
fij|Fijian
fin|Finnish
fiu|Finno-Ugrian (Other)
fon|Fon
fre|French
frm|French, Middle (ca. 1400-1600)
fro|French, Old (ca. 842-1400)
fry|Frisian
fur|Friulian
ful|Fula
gaa|G∆
glg|Galician
lug|Ganda
gay|Gayo
gba|Gbaya
geo|Georgian
ger|German
gmh|German, Middle High (ca. 1050-1500)
goh|German, Old High (ca. 750-1050)
gil|Gilbertese
gon|Gondi
gor|Gorontalo
got|Gothic
grb|Grebo
grc|Greek, Ancient (to 1453)
gre|Greek, Modern (1453- )
grn|Guarani
guj|Gujarati
sem|Gurage languages
gwi|Gwich'in
hai|Haida
hau|Hausa
haw|Hawaiian
heb|Hebrew
her|Herero
hil|Hiligaynon
him|Himachali
hin|Hindi
hmo|Hiri Motu
hit|Hittite
hmn|Hmong
hun|Hungarian
hup|Hupa
iba|Iban
ice|Icelandic
ibo|Igbo
ijo|Ijo
ilo|Iloko
inc|Indic, Suriname Hindustani (Other)
ine|Indo-European (Other)
ind|Indonesian
ina|Interlingua (International Auxiliary Language Association)
ile|Interlingue
iku|Inuktitut
ipk|Inupiaq
ira|Iranian (Other)
gle|Irish
mga|Irish, Middle (ca. 1100-1550)
sga|Irish, Old (to 1100)
iro|Iroquoian (Other)
ita|Italian
jpn|Japanese
jav|Javanese
jrb|Judeo-Arabic
jpr|Judeo-Persian
kab|Kabyle
kac|Kachin, Achang
kal|Kal‚tdlisut
kam|Kamba
kan|Kannada
kau|Kanuri
kaa|Kara-Kalpak
kar|Karen
kas|Kashmiri
kaw|Kawi
kaz|Kazakh
kha|Khasi
khm|Khmer
khi|Khoisan (Other)
kho|Khotanese
kik|Kikuyu
kmb|Kimbundu
kin|Kinyarwanda
kom|Komi
kon|Kongo
kok|Konkani
kor|Korean
kpe|Kpelle
kro|Kru
kua|Kuanyama
kum|Kumyk
kur|Kurdish
kru|Kurukh
kos|Kusaie
kut|Kutenai
kir|Kyrgyz
lad|Ladino
lah|Lahnda
lam|Lamba
lao|Lao
lat|Latin
lav|Latvian
ltz|Letzeburgesch
lez|Lezgian
lin|Lingala
lit|Lithuanian
nds|Low German
loz|Lozi
lub|Luba-Katanga
lua|Luba-Lulua
lui|Luise§o
lun|Lunda
luo|Luo (Kenya and Tanzania)
lus|Lushai
mac|Macedonian
mad|Madurese
mag|Magahi
mai|Maithili
mak|Makasar
mlg|Malagasy
may|Malay
mal|Malayalam
mlt|Maltese
mnc|Manchu
mdr|Mandar
man|Mandingo
mni|Manipuri
mno|Manobo languages
glv|Manx
mao|Maori
arn|Mapuche
mar|Marathi
chm|Mari
mah|Marshallese
mwr|Marwari
mas|Masai
myn|Mayan languages
men|Mende
mic|Micmac
min|Minangkabau
mis|Miscellaneous languages
moh|Mohawk
mol|Moldavian
mon|Mongolian
lol|Mongo-Nkundu
mkh|Mon-Khmer (Other)
mos|Moor£
mul|Multiple languages
mun|Munda (Other)
nah|Nahuatl
nau|Nauru
nav|Navajo
nbl|Ndebele (South Africa)
nde|Ndebele (Zimbabwe)
ndo|Ndonga
nep|Nepali
new|Newari
nia|Nias
nic|Niger-Kordofanian, Bafut, Kagoro, Ligbi, Noon (Other)
ssa|Nilo-Saharan (Other)
niu|Niuean
nai|North American Indian (Other)
sme|Northern Sami
nso|Northern Sotho
nor|Norwegian
nub|Nubian languages,Midob
nym|Nyamwezi
nya|Nyanja
nyn|Nyankole
nyo|Nyoro
nzi|Nzima
oci|Occitan (post-1500)
oji|Ojibwa
non|Old Norse
peo|Old Persian (ca. 600-400 B.C.)
ori|Oriya
orm|Oromo
osa|Osage
oss|Ossetic
oto|Otomian languages
pal|Pahlavi
pau|Palauan
pli|Pali
pam|Pampanga
pag|Pangasinan
pan|Panjabi
pap|Papiamento
paa|Papuan (Other)
per|Persian
phi|Philippine (Other)
phn|Phoenician
pol|Polish
pon|Ponape
por|Portuguese
pra|Prakrit languages
pro|Provenáal (to 1500)
pus|Pushto
que|Quechua
roh|Raeto-Romance
raj|Rajasthani
rap|Rapanui
rar|Rarotongan
roa|Romance (Other)
rum|Romanian
rom|Romany
run|Rundi
rus|Russian
sal|Salishan languages
sam|Samaritan Aramaic
smi|Sami
smo|Samoan
sad|Sandawe
sag|Sango (Ubangi Creole)
san|Sanskrit
sat|Santali
srd|Sardinian
sas|Sasak
sco|Scots
gla|Scottish Gaelic
sel|Selkup
sem|Semitic, Mahri (Other)
scc|Serbian
srr|Serer
shn|Shan
sna|Shona
sid|Sidamo
sgn|Sign languages
bla|Siksika
snd|Sindhi
sin|Sinhalese
sit|Sino-Tibetan (Other)
sio|Siouan (Other)
den|Slave
sla|Slavic (Other)
slo|Slovak
slv|Slovenian
sog|Sogdian
som|Somali
son|Songhai
snk|Soninke
wen|Sorbian languages
sot|Sotho
sai|South American Indian, Cauqui, Wayampi (Other)
spa|Spanish
suk|Sukuma
sux|Sumerian
sun|Sundanese
sus|Susu
swa|Swahili
ssw|Swazi
swe|Swedish
syr|Syriac
tgl|Tagalog
tah|Tahitian
tai|Tai (Other)
tgk|Tajik
tmh|Tamashek
tam|Tamil
tat|Tatar
tel|Telugu
tem|Temne
ter|Terena
tet|Tetum
tha|Thai
tib|Tibetan
tig|TigrÇ
tir|Tigrinya
tiv|Tiv
tli|Tlingit
tpi|Tok Pisin
tkl|Tokelauan
tog|Tonga (Nyasa)
ton|Tongan
chk|Truk
tsi|Tsimshian
tso|Tsonga
tsn|Tswana
tum|Tumbuka
tur|Turkish
ota|Turkish, Ottoman
tuk|Turkmen
tvl|Tuvaluan
tyv|Tuvinian
twi|Twi
uga|Ugaritic
uig|Uighur
ukr|Ukrainian
umb|Umbundu
und|Undetermined
urd|Urdu
uzb|Uzbek
vai|Vai
ven|Venda
vie|Vietnamese
vol|VolapÅk
vot|Votic
wak|Wakashan languages
wal|Walamo
war|Waray
was|Washo
wel|Welsh
wol|Wolof
xho|Xhosa
sah|Yakut
yao|Yao (Africa)
yap|Yapese
yid|Yiddish
yor|Yoruba
ypk|Yupik, Sirinek languages
znd|Zande
zap|Zapotec
zen|Zenaga
zha|Zhuang
zul|Zulu
zun|Zuni
