aa|Albania
abc|Alberta
ae|Algeria
af|Afganistán
ag|Argentina
ai|Armenia (República)
aj|Azerbaijan
aku|Alaska
alu|Alabama
am|Anguilla
an|Andorra
ao|Angola
aq|Antigua y Barbuda
aru|Arkansas
as|Samoa Americana
at|Australia
au|Austria
aw|Aruba
ay|Antártida
azu|Arizona
ba|Bahrain
bb|Barbados
bcc|Columbia Británica
bd|Burundi
be|Bélgica
bf|Bahamas
bg|Bangladesh
bh|Belice
bi|Territorio Británico del Océano Indico
bl|Brasil
bm|Islas Bermudas
bn|Bosnia y Herzegovina
bo|Bolivia
bp|Islas Salomón
br|Burma
bs|Botswana
bt|Bhutan
bu|Bulgaria
bv|Isla Bouvet
bw|Belarus
bx|Brunei
cau|California
cb|Camboya
cc|China
cd|Chad
ce|Sri Lanka
cf|Congo (Brazzaville)
cg|Congo (República Democrática)
ch|China (República : 1949- )
ci|Croacia
cj|Islas Caimán
ck|Colombia
cl|Chile
cm|Camerún
cou|Colorado
cq|Comoros
cr|Costa Rica
ctu|Connecticut
cu|Cuba
cv|Cabo Verde
cw|Islas Cook
cx|Africa Central (República)
cy|Chipre
d|(Océano Indico)
dcu|Distrito de Columbia
deu|Delaware
dk|Dinamarca
dm|Benin
dq|Dominica
dr|República Dominicana
ea|Eritrea
ec|Ecuador
eg|Guinea Ecuatorial
enk|Inglaterra
er|Estonia
es|El Salvador
et|Etiopía
fa|Islas Faroe
fg|Guayana Francesa
fi|Finlandia
fj|Fiji
fk|Islas Malvinas
flu|Florida
fm|Micronesia (Estados Federados)
fp|Polinesia Francesa
fr|Francia
fs|Tierras australes y Antartida Francesa
ft|Djibouti
gau|Georgia
gb|Kiribati
gd|Granada
gh|Ghana
gi|Gibraltar
gl|Groenlandia
gm|Gambia
go|Gabon
gp|Guadalupe
gr|Grecia
gs|Georgia (República)
gt|Guatemala
gu|Guam
gv|Guinea
gw|Alemania
gy|Guayana
gz|Franja de Gaza
hiu|Hawai
hm|Islas Heard y McDonald
ho|Honduras
ht|Haiti
hu|Hungría
iau|Iowa
ic|Islandia
idu|Idaho
ie|Irlanda
ii|India
ilu|Illinois
inu|Indiana
io|Indonesia
iq|Irak
ir|Irán
is|Israel
it|Italia
iv|Costa de Marfil
iy|Irak-Zona neutral de Arabia Saudita
ja|Japón
ji|Johnston Atoll
jm|Jamaica
jo|Jordania
ke|Kenia
kg|Kirgistan
kn|Corea del Norte
ko|Corea del Sur
ksu|Kansas
ku|Kuwait
kyu|Kentucky
kz|Kazakstan
lau|Louisiana
lb|Liberia
le|Líbano
lh|Lichtenstein
li|Lituania
lo|Lesoto
ls|Laos
lu|Luxemburgo
lv|Latvia
ly|Libia
mau|Massachusetts
mbc|Manitoba
mc|Mónaco
mdu|Maryland
meu|Maine
mf|Mauricio
mg|Madagascar
miu|Michigan
mj|Montserrat
mk|Omán
ml|Mali
mm|Malta
mnu|Minnesota
mou|Missouri
mp|Mongolia
mq|Martinica
mr|Marruecos
msu|Mississippi
mtu|Montana
mu|Mauritania
mv|Moldova
mw|Malaui
mx|México
my|Malasia
mz|Mozambique
na|Antillas Holandesas
nbu|Nebraska
ncu|Carolina del Norte
ndu|Dakota del Norte
ne|Holanda
nfc|Newfoundland
ng|Nigeria
nhu|New Hampshire
nik|Irlanda del Norte
nju|Nueva Jersey
nkc|New Brunswick
nl|Nueva Caledonia
nmu|Nuevo México
nn|Vanuatu
no|Noruega
np|Nepal
nq|Nicaragua
nr|Nigeria
nsc|Nueva Escocia
ntc|Territorios del Noroeste
nu|Nauru
nuc|Nunavut
nvu|Nevada
nw|Islas Marianas del Norte
nx|Islas Norfolk
nyu|Nueva York (Estado)
nz|Nueva Zelandia
ohu|Ohio
oku|Oklahoma
onc|Ontario
oru|Oregon
ot|Mayotte
pau|Pennsylvania
pc|Islas Pitcairn
pe|Perú
pf|Islas Paracel
pg|Guinea-Bissau
ph|Filipinas
pic|Isla Príncipe Eduardo
pk|Paquistán
pl|Polonia
pn|Panamá
po|Portugal
pp|Papúa Nueva Guinea
pr|Puerto Rico
pw|Palau
py|Paraguay
qa|Qatar
quc|Qubec (Provincia)
re|Isla Reunión
rh|Zimbaue
riu|Isla de Rodas
rm|Rumania
ru|Rusia (Federación)
rw|Ruanda
sa|Sudáfrica
scu|Carolina del Sur
sdu|Dakota del Sur
se|Seychelles
sf|Santo Tomás y Príncipe
sg|Senegal
sh|Africa del Norte Española
si|Singapur
sj|Sudán
sl|Sierra Leona
sm|San Marino
snc|Saskatchewan
so|Somalía
sp|España
sq|Suaziland
sr|Surinam
ss|Sahara Occidental
stk|Escocia
su|Arabia Saudita
sw|Suecia
sx|Namibia
sy|Siria
sz|Suiza
ta|Tajikistan
tc|Islas Turks y Caicos
tg|Togo
th|Tailandia
ti|Túnez
tk|Turkmenistán
tl|Tokelau
tnu|Tennessee
to|Tonga
tr|Trinidad y Tobago
ts|Emiratos Arabes Unidos
tu|Turquía
tv|Tuvalu
txu|Texas
tz|Tanzania
ua|Egipto
uc|Islas varias en el Caribe de Estados Unidos 
ug|Uganda
uik|Islas varias del Reino Unido
un|Ucrania
up|Islas varias en el Pacífico de Estados Unidos
utu|Utah
uv|Burkina Faso
uy|Uruguay
uz|Uzbekistán
vau|Virginia
vb|Islas Vírgenes Británicas
vc|Vaticano (Ciudad)
ve|Venezuela
vi|Islas Vírgenes de Estados Unidos
vm|Vietnam
vp|Lugares varios
vtu|Vermont
wau|Washington (Estado)
wf|Islas Wallis y Futuna
wiu|Wisconsin
wj|Margen Oeste del Río Jordán
wk|Isla Wake
wlk|Gales
ws|Samoa
wvu|Virginia Oeste
wyu|Wyoming
xa|Isla Natividad
xb|Islas Cocos (Keeling)
xc|Maldivia
xd|San Kitts y Nevis
xe|Islas Marshall
xf|Islas Midway
xh|Niue
xj|Santa Helena
xl|San Pierre y Miquelón
xm|San Vincente y las Granadinas
xn|Macedonia
xo|Eslovaquia
xp|Islas Spratly
xr|República Checa
xs|Islas Georgias y Sandwich del Sur
xv|Eslovenia
xx|Ningún lugar, desconocido o indeterminado
xxc|Canadá
xxk|Reino Unido
xxu|Estados Unidos
ye|Yemen
ykc|Territorio del Yukon
yu|Yugoslavia
za|Zambia