aa|Albanie
abc|Alberta
[ac]|Ashmore et Cartier (Iles)
aca|Territoire de la capitals d'Australie
ae|Algérie
af|Afghanistan
ag|Argentine
I|Arménie
[ai]|Anguilla
[air]|Arménie RSS
aj|Azerbaïdjan
[ajr]|Azerbaïdjan RSS
aku|Alaska
alu|Alabama
am|Anguilla
an|Andorre
ao|Angola
aq|Antigua et Barbuda
aru|Arkansas
as|Samoa américaines
at|Australie
au|Autriche
aw|Aruba
ay|Antarctique
azu|Arizona
ba|Bahreïn
bb|Barbade (La)
bcc|Colombie-Britannique
bd|Burundi
be|Belgique
bf|Bahamas
bg|Bangladesh
bh|Belize
bi|Indien (Territoire britannique de l'océan)
bl|Brésil
bm|Bermudes (Iles)
bn|Bosnie-Hercégovine
bo|Bolivie
bp|Salomon (Iles)
br|Birmanie
bs|Botswana
bt|Bhûtân
bu|Bulgarie
bv|Bouvet (Ile)
bw|Biélorussie
[bwr]|Biélorussie (RSS)
bx|Brunéi
cau|Californie
cb|Cambodge
cc|Chine
cd|Tchad
ce|Sri Lanka
cf|Congo-Brazzaville
cg|Congo (République démocratique du)
ch|Chine (République: 1949- )
ci|Croatie
cj|Caïmans (Iles)
ck|Colombie
cl|Chili
cm|Cameroun
[cn]|Canada
cou|Colorado
[cp]|Canton et Enderbury (Iles)
cq|Comores
cr|Costa Rica
[cs]|Tchécoslovaquie
ctu|Connecticut
cu|Cuba
cv|Cap-Vert (Iles du)
cw|Cook (Iles)
cx|Centrafricaine (République)
cy|Chypre
[cz]|Canal (Zone du)
dcu|Columbia (District fédéral de)
deu|Delaware
dk|Danemark
dm|Bénin
dq|Dominique
dr|Dominicaine (République)
ea|Erythrée
ec|Équateur
eg|Guinée équatoriale
em|Timor-Leste
enk|Angleterre
er|Estonie
[err]|Estonie
es|El Salvador
et|Éthiopie
fa|Féroé (Iles)
fg|Guyane française
fi|Finlande
fj|Fidji
fk|Falkland (Iles)
flu|Floride
fm|Micronésie (États fédérés de)
fp|Polynésie française
fr|France
fs|Terres australes et antarctiques françaises
ft|Djibouti
gau|Géorgie
gb|Kiribati
gd|Grenade
[ge]|Allemagne de l'Est
gh|Ghana
gi|Gibraltar
gl|Groenland
gm|Gambie
[gn]|Gilbert et Ellice (Iles)
go|Gabon
gp|Guadeloupe
gr|Grèce
gs|Géorgie (République)
[gsr]|Géorgie (RSS)
gt|Guatemala
gu|Guam
gv|Guinée
gw|Allemagne
gy|Guyana
gz|Gaza (Bande de)
hiu|Hawaï
[hk]|Hong-Kong
hm|Heard et McDonald (Iles)
ho|Honduras
ht|Haïti
hu|Hongrie
iau|Iowa
ic|Islande
idu|Idaho
ie|Irlande
ii|Inde
ilu|Illinois
inu|Indiana
io|Indonésie
iq|Iraq
ir|Iran
is|Israël
it|Italie
[iu]|Israël-Syrie (Zones démilitarisées)
iv|Côte-d'I  VOIRe
[iw]|Israël-Jordanie (Zones démilitarisées)
iy|Irako-saoudienne (Zone neutre)
ja|Japon
ji|Johnston (Ile)
jm|Jamaïque
[jn]|Jan Mayen (Iles)
jo|Jordanie
ke|Kenya
kg|Kirghizistan
[kgr]|Kirghizistan (RSS)
kn|Corée du Nord
ko|Corée du Sud
ksu|Kansas
ku|Koweit
kyu|Kentucky
kz|Kazakhstan
[kzr]|Kazakhstan (RSS)
lau|Louisiane
lb|Libéria
le|Liban
lh|Liechtenstein
li|Lituanie
[lir]|Lituanie
[ln]|Sporades de la Polynésie centrale
lo|Lesotho
ls|Laos
lu|Luxembourg
lv|Lettonie
[lvr]|Lettonie
ly|Libye
mau|Massachusetts
mbc|Manitoba
mc|Monaco
mdu|Maryland
meu|Maine
mf|Maurice (Ile)
mg|Madagascar
[mh]|Macao
miu|Michigan
mj|Montserrat
mk|Oman
ml|Mali
mm|Malte
mnu|Minnesota
mou|Missouri
mp|Mongolie
mq|Martinique
mr|Maroc
msu|Mississippi
mtu|Montana
mu|Mauritanie
mv|Moldavie
[mvr]|Moldavie (RSS)
mw|Malawi
mx|Mexique
my|Malaisie
mz|Mozambique
na|Antilles - Petites Antilles néerlandaises
nbu|Nebraska
ncu|Caroline du Nord
ndu|Dakota du Nord
ne|Pays-Bas
nfc|Terre-Neuve-et-Labrador
ng|Niger
nhu|New Hampshire
nik|Irlande du Nord
nju|New Jersey
nkc|Nouveau-Brunswick
nl|Nouvelle-Calédonie
[nm]|Mariana nord (Iles)
nmu|Nouveau-Mexique
nn|Vanuatu
no|Norvège
np|Népal
nq|Nicaragua
nr|Nigéria
nsc|Nouvelle-Écosse
ntc|Territoires du Nord-Ouest
nu|Nauru
nuc|Nunavut
nvu|Nevada
nw|Mariana Nord (Iles)
nx|Norfolk (Iles)
nyu|New York (État)
nz|Nouvelle-Zélande
ohu|Ohio
oku|Oklahoma
onc|Ontario
oru|Oregon
ot|Mayotte
pau|Pennsylvanie
pc|Pitcairn (Ile)
pe|Pérou
pf|Paracels (Iles)
pg|Guinée-Bissau
ph|Philippines
pic|Prince-Édouard (Ile du)
pk|Pakistan
pl|Pologne
pn|Panamá
po|Portugal
pp|Papua New Guinea
pr|Porto Rico
[pt]|Timor portugués
pw|Palau
py|Paraguay
qa|Qatar
qea|Queensland
quc|Québec (Province)
re|Réunion
rh|Zimbabwe
riu|Rhode Island
rm|Roumanie
ru|Russie (République)
[rur]|Russie (RSFS)
rw|Rwanda
[ry]|Ryu-Kyu (Sud) (Iles)
sa|Afrique du Sud
[sb]|Svalbard
scu|Caroline du Sud
sdu|Dakota du Sud
se|Seychelles
sf|Sâo Tomé e Principe
sg|Sénégal
sh|Afrique du Nord espagnole
si|Singapour
sj|Soudan
[sk]|Sikkim
sl|Sierra Leone
sm|San Marino
snc|Saskatchewan
so|Somalie
sp|Espagne
sq|Swaziland
sr|Surinam
ss|Sahara occidental
stk|Écosse
su|Arabie Saoudite
[sv]|Swan (Iles)
sw|Suède
sx|Namibie
sy|Syrie
sz|Suisse
ta|Tajikstan
[tar]|Tadjik (RSS)
tc|Turks et Caicos (Iles)
tg|Togo
th|Thaïlande
ti|Tunisie
tk|Turkménistan
[tkr]|Turkménistan (RSS)
tl|Tokelau (Iles)
tma|Tasmanie
tnu|Tennessee
to|Tonga
tr|Trinité et Tobago
ts|Émirats arabes unis (Union des)
[tt]|Trust Territory of the Pacific Islands
tu|Turquie
tv|Tuvalu
txu|Texas
tz|Tanzanie
ua|Égypte
uc|États-Unis - Iles diverses dans les Caraïbes
ug|Ouganda
[ui]|Royaume-Uni - Iles diverses
uik|Royaume-Uni - Iles diverses
[uk]|Royaume-Uni
un|Ukraine
[unr]|Ukraine
up|États-Unis - Iles diverses dans le Pacifique
[ur]|Union Soviétique
[us]|États-Unis
utu|Utah
uv|Burkina-Faso
uy|Uruguay
uz|Ouzbékistan
[uzr]|Ouzbékistan (RSS)
vau|Virginie
vb|Vierges britanniques (Iles)
vc|Vatican (Cité)
ve|Vénézuela
vi|Vierges (Iles) (É.-U.)
vm|Viêt-nam
[vn]|Viêt-nam du Nord
vp|Lieux divers
vra|Victoria
[vs]|Viêt-nam du Sud
vtu|Vermont
wau|Washington (État)
[wb]|Berlin-Ouest
wea|Australie-Occidentale
wf|Wallis et Futuna (Iles)
wiu|Wisconsin
wj|Jourdain (Rive ouest du fleuve)
wk|Wake (Ile de)
wlk|Galles (Pays de)
ws|Samoa
wvu|Virginie-occidentale
wyu|Wyoming
xa|Christmas (Ile) (Océan Indien)
xb|Cocos (Keeling) (Iles)
xc|Maldives
xd|Saint Kitts and Nevis
xe|Marshall (Iles)
xf|Midway (Iles)
xga|Territoire des Îles de la mer de Corail
xh|Niue
[xi]|Saint Kitts-Nevis-Anguilla
xj|Sainte-Hélène
xk|Sainte-Lucie
xl|Saint-Pierre-et-Miquelon
xm|Saint-Vincent et Grenade
xn|Macédoine
xna|Nouvelle-Galles du Sud
xo|Slovakie
xoa|Territoire du Nord
xp|Spratly (Iles)
xr|République tchèque
xra|Australie Méridionale
xs|Géorgie du Sud et Sandwich du Sud (Iles)
xv|Slovénie
xx|Sans lieu, inconnu ou indéterminé
xxc|Canada
xxk|Royaume-Uni
[xxr]|Union des républiques socialistes soviétiques
xxu|États-Unis
ye|Yémen
ykc|Yukon (Territoire du)
[ys]|Yémen du Sud (République démocratique populaire du)
yu|Yougoslavie
za|Zambie
